date,brent_usd_per_barrel
1987-05-01,18.58
1987-06-01,18.86047619047619
1987-07-01,19.856521739130436
1987-08-01,18.97952380952381
1987-09-01,18.313181818181818
1987-10-01,18.757727272727273
1987-11-01,17.780952380952378
1987-12-01,17.132857142857144
1988-01-01,16.755294117647058
1988-02-01,15.729523809523808
1988-03-01,14.731304347826086
1988-04-01,16.59526315789474
1988-05-01,16.314090909090908
1988-06-01,15.543636363636363
1988-07-01,14.868
1988-08-01,14.89391304347826
1988-09-01,13.179545454545455
1988-10-01,12.405714285714286
1988-11-01,13.024545454545455
1988-12-01,15.2595
1989-01-01,17.133000000000003
1989-02-01,16.8885
1989-03-01,18.7585
1989-04-01,20.250555555555554
1989-05-01,18.633181818181818
1989-06-01,17.670909090909092
1989-07-01,17.622857142857143
1989-08-01,16.77
1989-09-01,17.766190476190474
1989-10-01,18.907727272727275
1989-11-01,18.727272727272727
1989-12-01,19.838947368421053
1990-01-01,21.2615
1990-02-01,19.813499999999998
1990-03-01,18.387272727272727
1990-04-01,16.612105263157893
1990-05-01,16.352272727272727
1990-06-01,15.104761904761904
1990-07-01,17.16909090909091
1990-08-01,27.167391304347827
1990-09-01,34.899
1990-10-01,36.022608695652174
1990-11-01,33.06727272727273
1990-12-01,28.273500000000002
1991-01-01,23.566363636363636
1991-02-01,19.536
1991-03-01,19.0825
1991-04-01,19.18
1991-05-01,19.186818181818182
1991-06-01,18.1675
1991-07-01,19.387727272727272
1991-08-01,19.785714285714285
1991-09-01,20.5145
1991-10-01,22.190952380952382
1991-11-01,21.108571428571427
1991-12-01,18.339473684210525
1992-01-01,18.164285714285715
1992-02-01,18.0535
1992-03-01,17.614285714285714
1992-04-01,18.94666666666667
1992-05-01,19.878823529411765
1992-06-01,21.15818181818182
1992-07-01,20.23681818181818
1992-08-01,19.738095238095237
1992-09-01,20.264
1992-10-01,20.24190476190476
1992-11-01,19.214285714285715
1992-12-01,18.13952380952381
1993-01-01,17.37578947368421
1993-02-01,18.466315789473686
1993-03-01,18.785217391304347
1993-04-01,18.684736842105263
1993-05-01,18.507894736842104
1993-06-01,17.652727272727272
1993-07-01,16.746875
1993-08-01,16.715555555555554
1993-09-01,15.929444444444446
1993-10-01,16.68642857142857
1993-11-01,15.111333333333334
1993-12-01,13.679230769230768
1994-01-01,14.277999999999999
1994-02-01,13.664545454545454
1994-03-01,13.892142857142858
1994-04-01,15.485555555555557
1994-05-01,16.18111111111111
1994-06-01,16.69142857142857
1994-07-01,17.72222222222222
1994-08-01,17.016875
1994-09-01,15.863076923076923
1994-10-01,16.58090909090909
1994-11-01,17.1925
1994-12-01,15.885
1995-01-01,16.694285714285716
1995-02-01,17.168
1995-03-01,17.424444444444443
1995-04-01,18.60875
1995-05-01,18.39
1995-06-01,17.726
1995-07-01,15.860000000000001
1995-08-01,16.055333333333333
1995-09-01,16.735384615384614
1995-10-01,16.073076923076922
1995-11-01,16.94363636363636
1995-12-01,18.077777777777776
1996-01-01,18.055
1996-02-01,17.966923076923077
1996-03-01,19.954
1996-04-01,20.944117647058825
1996-05-01,19.14842105263158
1996-06-01,18.47
1996-07-01,19.690714285714286
1996-08-01,20.334285714285716
1996-09-01,22.617222222222225
1996-10-01,24.349999999999998
1996-11-01,22.793529411764705
1996-12-01,23.795263157894738
1997-01-01,23.50842105263158
1997-02-01,20.828333333333333
1997-03-01,19.04294117647059
1997-04-01,17.58888888888889
1997-05-01,19.03529411764706
1997-06-01,17.705384615384613
1997-07-01,18.455
1997-08-01,18.47
1997-09-01,18.220833333333335
1997-10-01,19.927857142857142
1997-11-01,19.239166666666666
1997-12-01,17.305833333333336
1998-01-01,15.183684210526316
1998-02-01,14.258000000000001
1998-03-01,13.043809523809525
1998-04-01,13.68142857142857
1998-05-01,14.415555555555557
1998-06-01,12.038888888888888
1998-07-01,12.083333333333334
1998-08-01,11.802857142857144
1998-09-01,13.49
1998-10-01,12.673529411764704
1998-11-01,11.004375
1998-12-01,9.834375
1999-01-01,11.055714285714286
1999-02-01,10.280666666666667
1999-03-01,12.759333333333332
1999-04-01,15.22
1999-05-01,15.434999999999999
1999-06-01,15.979375
1999-07-01,19.245
1999-08-01,20.13909090909091
1999-09-01,22.908125
1999-10-01,21.966
1999-11-01,24.615000000000002
1999-12-01,25.576470588235296
2000-01-01,25.427777777777777
2000-02-01,27.767500000000002
2000-03-01,27.871052631578944
2000-04-01,22.656
2000-05-01,27.615333333333336
2000-06-01,29.79421052631579
2000-07-01,29.16611111111111
2000-08-01,29.99857142857143
2000-09-01,33.29388888888889
2000-10-01,30.895263157894735
2000-11-01,32.77117647058824
2000-12-01,25.877999999999997
2001-01-01,25.483571428571427
2001-02-01,27.31357142857143
2001-03-01,24.205384615384617
2001-04-01,25.7745
2001-05-01,28.313636363636363
2001-06-01,27.816666666666666
2001-07-01,24.5935
2001-08-01,25.580000000000002
2001-09-01,24.214166666666667
2001-10-01,20.44
2001-11-01,18.75176470588235
2001-12-01,18.688333333333333
2002-01-01,19.64388888888889
2002-02-01,20.041818181818183
2002-03-01,23.769
2002-04-01,25.846666666666664
2002-05-01,25.45823529411765
2002-06-01,23.978333333333335
2002-07-01,25.688823529411764
2002-08-01,26.502352941176472
2002-09-01,28.324117647058824
2002-10-01,27.765
2002-11-01,24.648
2002-12-01,28.09111111111111
2003-01-01,31.183636363636364
2003-02-01,32.64
2003-03-01,30.740499999999997
2003-04-01,25.285882352941176
2003-05-01,26.048947368421054
2003-06-01,27.564666666666664
2003-07-01,28.238
2003-08-01,29.875999999999998
2003-09-01,27.284705882352938
2003-10-01,29.615499999999997
2003-11-01,28.7775
2003-12-01,29.78842105263158
2004-01-01,31.406
2004-02-01,31.069999999999997
2004-03-01,33.56619047619048
2004-04-01,33.43352941176471
2004-05-01,37.52210526315789
2004-06-01,35.20857142857143
2004-07-01,38.221363636363634
2004-08-01,42.804500000000004
2004-09-01,43.72388888888889
2004-10-01,49.776666666666664
2004-11-01,43.110454545454544
2004-12-01,39.63272727272727
2005-01-01,44.39111111111111
2005-02-01,45.6321052631579
2005-03-01,53.45583333333334
2005-04-01,52.339999999999996
2005-05-01,48.474999999999994
2005-06-01,54.36900000000001
2005-07-01,57.4485
2005-08-01,63.98347826086956
2005-09-01,63.0665
2005-10-01,58.523
2005-11-01,55.18149999999999
2005-12-01,56.855714285714285
2006-01-01,63.145555555555546
2006-02-01,60.08736842105264
2006-03-01,61.32333333333333
2006-04-01,71.39846153846153
2006-05-01,69.5385
2006-06-01,68.5559090909091
2006-07-01,73.67428571428572
2006-08-01,73.2304347826087
2006-09-01,61.95857142857143
2006-10-01,57.808181818181815
2006-11-01,58.76136363636363
2006-12-01,62.47210526315789
2007-01-01,53.68142857142857
2007-02-01,57.480588235294114
2007-03-01,62.15857142857143
2007-04-01,67.4857894736842
2007-05-01,67.21227272727273
2007-06-01,71.04571428571428
2007-07-01,76.92999999999999
2007-08-01,70.76086956521739
2007-09-01,77.17315789473685
2007-10-01,82.34
2007-11-01,92.41428571428571
2007-12-01,90.92684210526315
2008-01-01,92.17809523809524
2008-02-01,94.9865
2008-03-01,103.63550000000001
2008-04-01,109.07136363636364
2008-05-01,122.79714285714284
2008-06-01,132.32238095238094
2008-07-01,132.71818181818182
2008-08-01,113.24333333333334
2008-09-01,97.23476190476191
2008-10-01,71.58217391304348
2008-11-01,52.45263157894737
2008-12-01,39.94681818181818
2009-01-01,43.439499999999995
2009-02-01,43.32473684210526
2009-03-01,46.540454545454544
2009-04-01,50.18190476190476
2009-05-01,57.302499999999995
2009-06-01,68.60954545454545
2009-07-01,64.43545454545455
2009-08-01,72.50857142857143
2009-09-01,67.64619047619047
2009-10-01,72.76954545454545
2009-11-01,76.662
2009-12-01,74.45636363636363
2010-01-01,76.16736842105263
2010-02-01,73.75210526315789
2010-03-01,78.82739130434783
2010-04-01,84.81761904761905
2010-05-01,75.94550000000001
2010-06-01,74.7609090909091
2010-07-01,75.58
2010-08-01,77.03954545454545
2010-09-01,77.8404761904762
2010-10-01,82.6647619047619
2010-11-01,85.2747619047619
2010-12-01,91.44681818181817
2011-01-01,96.5235
2011-02-01,103.71631578947368
2011-03-01,114.64347826086957
2011-04-01,123.25888888888888
2011-05-01,114.98904761904762
2011-06-01,113.83318181818181
2011-07-01,116.97349999999999
2011-08-01,110.21954545454545
2011-09-01,112.83380952380953
2011-10-01,109.55000000000001
2011-11-01,110.76809523809524
2011-12-01,107.87049999999999
2012-01-01,110.68599999999999
2012-02-01,119.327
2012-03-01,125.44545454545455
2012-04-01,119.42166666666668
2012-05-01,110.33952380952381
2012-06-01,95.15571428571428
2012-07-01,102.61857142857141
2012-08-01,113.35608695652174
2012-09-01,112.8636842105263
2012-10-01,111.7108695652174
2012-11-01,109.05857142857143
2012-12-01,109.494
2013-01-01,112.96
2013-02-01,116.05052631578947
2013-03-01,108.474
2013-04-01,102.24818181818182
2013-05-01,102.55863636363637
2013-06-01,102.9195
2013-07-01,107.93318181818182
2013-08-01,111.28045454545455
2013-09-01,111.59649999999999
2013-10-01,109.07652173913044
2013-11-01,107.792
2013-12-01,110.75666666666666
2014-01-01,108.11772727272728
2014-02-01,108.90052631578948
2014-03-01,107.48095238095237
2014-04-01,107.7552380952381
2014-05-01,109.53909090909092
2014-06-01,111.79523809523809
2014-07-01,106.76818181818182
2014-08-01,101.60809523809523
2014-09-01,97.09142857142858
2014-10-01,87.47363636363637
2014-11-01,79.4378947368421
2014-12-01,62.33500000000001
2015-01-01,47.7595
2015-02-01,58.0955
2015-03-01,55.88545454545454
2015-04-01,59.52428571428571
2015-05-01,64.075
2015-06-01,61.47772727272727
2015-07-01,56.56130434782609
2015-08-01,46.515
2015-09-01,47.62318181818182
2015-10-01,48.43
2015-11-01,44.26761904761905
2015-12-01,38.00545454545455
2016-01-01,30.6995
2016-02-01,32.1815
2016-03-01,38.210454545454546
2016-04-01,41.583333333333336
2016-05-01,46.742380952380955
2016-06-01,48.24727272727273
2016-07-01,44.951904761904764
2016-08-01,45.843043478260874
2016-09-01,46.567727272727275
2016-10-01,49.522380952380956
2016-11-01,44.73409090909091
2016-12-01,53.3085
2017-01-01,54.57666666666666
2017-02-01,54.8695
2017-03-01,51.589130434782604
2017-04-01,52.30789473684211
2017-05-01,50.326521739130435
2017-06-01,46.36818181818182
2017-07-01,48.47857142857143
2017-08-01,51.70434782608696
2017-09-01,56.152857142857144
2017-10-01,57.50772727272727
2017-11-01,62.71409090909091
2017-12-01,64.3736842105263
2018-01-01,69.07727272727273
2018-02-01,65.3175
2018-03-01,66.01666666666667
2018-04-01,72.10600000000001
2018-05-01,76.9752380952381
2018-06-01,74.4047619047619
2018-07-01,74.2540909090909
2018-08-01,72.52826086956522
2018-09-01,78.89099999999999
2018-10-01,81.03217391304348
2018-11-01,64.74818181818182
2018-12-01,57.36235294117647
2019-01-01,59.40954545454545
2019-02-01,63.9605
2019-03-01,66.13857142857144
2019-04-01,71.23333333333333
2019-05-01,71.31772727272727
2019-06-01,64.2205
2019-07-01,63.9191304347826
2019-08-01,59.041818181818186
2019-09-01,62.826666666666675
2019-10-01,59.71304347826087
2019-11-01,63.21190476190476
2019-12-01,67.21714285714286
2020-01-01,63.64545454545455
2020-02-01,55.657000000000004
2020-03-01,32.01136363636363
2020-04-01,18.3785
2020-05-01,29.378947368421056
2020-06-01,40.26681818181818
2020-07-01,43.24217391304348
2020-08-01,44.736000000000004
2020-09-01,40.90954545454545
2020-10-01,40.18954545454546
2020-11-01,42.69238095238095
2020-12-01,49.99363636363637
2021-01-01,54.774
2021-02-01,62.2765
2021-03-01,65.41
2021-04-01,64.8065
2021-05-01,68.53421052631579
2021-06-01,73.1640909090909
2021-07-01,75.1659090909091
2021-08-01,70.74714285714286
2021-09-01,74.48863636363636
2021-10-01,83.53809523809524
2021-11-01,81.05
2021-12-01,74.1704761904762
2022-01-01,86.50523809523808
2022-02-01,97.12899999999999
2022-03-01,117.24521739130434
2022-04-01,104.57526315789474
2022-05-01,113.33761904761906
2022-06-01,122.71095238095238
2022-07-01,111.92571428571429
2022-08-01,100.44636363636364
2022-09-01,89.7647619047619
2022-10-01,93.33190476190477
2022-11-01,91.41545454545455
2022-12-01,80.924
2023-01-01,82.50142857142858
2023-02-01,82.58500000000001
2023-03-01,78.43434782608696
2023-04-01,84.63833333333334
2023-05-01,75.466
2023-06-01,74.83909090909091
2023-07-01,80.10809523809523
2023-08-01,86.14772727272727
2023-09-01,93.72238095238096
2023-10-01,90.59590909090909
2023-11-01,82.94
2023-12-01,77.63105263157895
2024-01-01,80.12409090909091
2024-02-01,83.47809523809524
2024-03-01,85.4085
2024-04-01,89.93809523809524
2024-05-01,81.74619047619048
2024-06-01,82.24600000000001
2024-07-01,85.15304347826087
2024-08-01,80.3552380952381
2024-09-01,74.01666666666667
2024-10-01,75.63260869565217
2024-11-01,74.3452380952381
2024-12-01,73.8595
2025-01-01,79.27045454545454
2025-02-01,75.438
2025-03-01,72.73285714285714
2025-04-01,68.1345
2025-05-01,64.453
2025-06-01,71.4447619047619
2025-07-01,71.04130434782608
2025-08-01,67.87
2025-09-01,67.98545454545454
2025-10-01,64.54347826086956
2025-11-01,63.797000000000004
2025-12-01,62.54428571428572
2026-01-01,66.60238095238095
2026-02-01,70.887
2026-03-01,103.13454545454546
2026-04-01,117.2875
2026-05-01,107.13947368421053
2026-06-01,85.3990909090909
2026-07-01,83.75869565217391
2026-08-01,91.076
